ActivityID,Country,Region,Sector,Organization,OrgType,Donor,Indicator,Target,Achieved,Budget_USD,Spent_USD,StartDate,EndDate,Status
ACT-0001,Niger,Niamey,Shelter,SPONG,NGO,BHA,Families Sheltered (#),2771,1180,133264.72,82204.98,2024-09-20,2025-02-04,On Track
ACT-0002,Chad,Kanem,Nutrition,WHO,UN Agency,BHA,MUAC Screening Coverage (%),3297,2062,24056.51,16028.11,2024-04-15,2024-08-09,At Risk
ACT-0003,Niger,Zinder,Health,UNHCR,UN Agency,NORAD,Vaccination Coverage (%),1752,1310,170230.15,151566.49,2024-10-01,2024-12-24,On Track
ACT-0004,Burkina Faso,Nord,Health,DNDS,Government,BHA,Maternal Deaths Avoided (#),853,769,117747.68,87592.32,2024-05-19,2024-07-05,Delayed
ACT-0005,Chad,Borkou,WASH,UNICEF,UN Agency,GFFO,Latrines Constructed (#),2572,1937,63482.26,50632.98,2024-06-09,2024-08-29,At Risk
ACT-0006,Niger,Diffa,Health,MENA,Government,UNICEF,Vaccination Coverage (%),252,211,105663.7,46481.91,2024-09-12,2024-12-05,At Risk
ACT-0007,Senegal,Louga,Education,MENA,Government,GFFO,Teachers Trained (#),590,451,76033.56,31235.18,2024-03-18,2024-07-02,At Risk
ACT-0008,Niger,Niamey,Food Security,AFRIQUE ESPOIR,NGO,OCHA,Food Rations Distributed (#),2451,2088,55007.09,41306.16,2024-07-26,2024-10-25,On Track
ACT-0009,Mali,Bamako,WASH,WHO,UN Agency,NORAD,Households with Safe Water Access (%),4686,5126,87293.73,85481.66,2024-04-13,2024-06-22,On Track
ACT-0010,Burkina Faso,Nord,Education,FAO,UN Agency,UNICEF,Teachers Trained (#),445,478,99739.18,31411.02,2024-02-12,2024-06-01,Delayed
ACT-0011,Burkina Faso,Est,Shelter,Save the Children,INGO,EU,Transitional Shelters Built (#),1251,707,116339.81,78551.06,2024-03-02,2024-08-12,Delayed
ACT-0012,Niger,Agadez,Nutrition,CISV,NGO,USAID,SAM Treatment Rate (%),2667,1681,118943.61,70469.69,2024-04-30,2024-09-15,On Track
ACT-0013,Burkina Faso,Sahel,WASH,WHO,UN Agency,NORAD,Latrines Constructed (#),2183,2191,15905.45,11135.44,2024-02-27,2024-06-17,Delayed
ACT-0014,Chad,Lac,Shelter,AMADE,NGO,NORAD,NFI Kits Distributed (#),3112,3034,9109.47,9338.15,2024-01-18,2024-03-01,On Track
ACT-0015,Senegal,Ziguinchor,Shelter,UNICEF,UN Agency,BHA,Families Sheltered (#),2036,2036,80751.85,79325.92,2024-07-20,2024-10-23,On Track
ACT-0016,Mali,Gao,WASH,AFRIQUE ESPOIR,NGO,GFFO,Latrines Constructed (#),2698,2740,154514.48,93437.47,2024-01-18,2024-04-27,On Track
ACT-0017,Chad,Borkou,Education,WHO,UN Agency,EU,Learning Spaces Rehabilitated (#),922,900,141204.03,95983.56,2024-06-29,2024-11-13,Delayed
ACT-0018,Senegal,Saint-Louis,Protection,IRC,INGO,GFFO,Child Protection Cases (#),1605,1349,159248.77,64029.02,2024-07-24,2024-10-13,On Track
ACT-0019,Senegal,Dakar,Nutrition,CREDO,NGO,BHA,MUAC Screening Coverage (%),1165,1156,138721.91,124084.21,2024-06-12,2024-11-04,At Risk
ACT-0020,Mali,Gao,WASH,UNHCR,UN Agency,UNICEF,Households with Safe Water Access (%),791,545,40468.4,38740.1,2024-10-19,2025-01-14,On Track
ACT-0021,Senegal,Louga,Food Security,SPONG,NGO,NORAD,Food Rations Distributed (#),1724,1005,171107.02,57720.77,2024-08-07,2024-11-11,On Track
ACT-0022,Niger,Zinder,Health,IRC,INGO,GFFO,Maternal Deaths Avoided (#),4407,3105,184397.86,118066.43,2024-09-10,2024-11-09,On Track
ACT-0023,Mali,Mopti,Education,UNHCR,UN Agency,GFFO,Teachers Trained (#),4148,2768,89105.17,40538.79,2024-04-20,2024-07-31,On Track
ACT-0024,Mali,Tombouctou,Education,SPONG,NGO,OCHA,Children Enrolled (#),2244,1267,92940.45,45191.22,2024-10-25,2025-03-21,On Track
ACT-0025,Chad,Lac,Education,WHO,UN Agency,GFFO,Learning Spaces Rehabilitated (#),1838,1652,143148.37,121973.59,2024-05-11,2024-06-28,On Track
ACT-0026,Burkina Faso,Centre,Shelter,AFRIQUE ESPOIR,NGO,OCHA,NFI Kits Distributed (#),5000,4483,162921.33,49531.46,2024-09-15,2025-01-20,On Track
ACT-0027,Niger,Zinder,Health,ACF,INGO,UNICEF,Vaccination Coverage (%),2232,1158,101103.77,56050.17,2024-08-27,2024-10-29,On Track
ACT-0028,Senegal,Ziguinchor,WASH,UNICEF,UN Agency,OCHA,Latrines Constructed (#),461,500,102346.07,105419.38,2024-05-23,2024-09-22,At Risk
ACT-0029,Niger,Diffa,Education,FAO,UN Agency,OCHA,Children Enrolled (#),3669,3760,66530.87,69586.22,2024-03-18,2024-09-06,At Risk
ACT-0030,Mali,Mopti,Nutrition,CREDO,NGO,USAID,MAM Recovery Rate (%),3952,2300,142662.76,89495.54,2024-09-10,2024-10-20,At Risk
ACT-0031,Senegal,Ziguinchor,Protection,DREP,Government,EU,Child Protection Cases (#),1312,638,23247.69,22111.57,2024-04-02,2024-06-14,Delayed
ACT-0032,Senegal,Louga,WASH,ACF,INGO,EU,Households with Safe Water Access (%),4775,2513,184480.57,89402.62,2024-09-12,2024-11-05,On Track
ACT-0033,Niger,Niamey,Protection,FAO,UN Agency,USAID,Legal Aid Beneficiaries (#),2750,1396,20807.33,19205.67,2024-09-02,2025-01-26,On Track
ACT-0034,Burkina Faso,Nord,Nutrition,MASF,Government,GFFO,MUAC Screening Coverage (%),4762,2335,173339.37,156207.98,2024-05-24,2024-09-13,On Track
ACT-0035,Burkina Faso,Cascades,Health,DREP,Government,NORAD,Consultations Conducted (#),2190,1148,193184.62,183358.6,2024-02-15,2024-03-21,On Track
ACT-0036,Chad,Borkou,Shelter,SPONG,NGO,OCHA,NFI Kits Distributed (#),4121,3959,148498.41,147202.74,2024-03-08,2024-07-07,On Track
ACT-0037,Senegal,Thiès,Protection,MSHP,Government,NORAD,Legal Aid Beneficiaries (#),2299,1825,87498.76,75893.62,2024-07-07,2024-09-22,At Risk
ACT-0038,Chad,N'Djamena,Nutrition,WHO,UN Agency,GFFO,MAM Recovery Rate (%),1936,1652,144158.92,143870.7,2024-09-26,2025-03-09,On Track
ACT-0039,Chad,Borkou,Nutrition,MASF,Government,UNICEF,SAM Treatment Rate (%),1146,1007,63579.69,30930.89,2024-08-06,2024-11-19,Delayed
ACT-0040,Senegal,Dakar,Nutrition,ACF,INGO,NORAD,MUAC Screening Coverage (%),3483,1623,133866.77,97235.29,2024-05-09,2024-09-06,On Track
ACT-0041,Burkina Faso,Cascades,Nutrition,Save the Children,INGO,UNICEF,MUAC Screening Coverage (%),1592,1576,13825.45,8463.78,2024-06-01,2024-09-19,Delayed
ACT-0042,Chad,Borkou,Health,UNHCR,UN Agency,EU,Maternal Deaths Avoided (#),1633,894,20253.0,20995.06,2024-05-12,2024-07-08,At Risk
ACT-0043,Burkina Faso,Centre,Protection,IRC,INGO,UNICEF,Legal Aid Beneficiaries (#),4008,2894,83992.86,66630.51,2024-09-06,2024-12-22,Delayed
ACT-0044,Niger,Agadez,Education,UNICEF,UN Agency,UNICEF,Teachers Trained (#),1206,494,26822.94,8366.45,2024-04-06,2024-05-12,On Track
ACT-0045,Mali,Mopti,Protection,SPONG,NGO,OCHA,Child Protection Cases (#),3896,1962,87266.45,33802.15,2024-03-19,2024-08-09,At Risk
ACT-0046,Burkina Faso,Est,Health,CREDO,NGO,OCHA,Vaccination Coverage (%),4764,4671,81388.01,44794.95,2024-02-22,2024-07-11,At Risk
ACT-0047,Senegal,Louga,Food Security,UNICEF,UN Agency,NORAD,Households Food Secure (%),3374,2497,120252.66,91226.25,2024-09-06,2024-12-04,On Track
ACT-0048,Burkina Faso,Est,Health,FAO,UN Agency,USAID,Maternal Deaths Avoided (#),2294,2351,86341.8,56554.18,2024-09-10,2025-01-06,At Risk
ACT-0049,Chad,N'Djamena,WASH,WFP,UN Agency,NORAD,Latrines Constructed (#),2916,2060,103989.01,77029.24,2024-06-22,2024-11-18,On Track
ACT-0050,Chad,Borkou,Education,WHO,UN Agency,EU,Children Enrolled (#),1427,1191,60079.16,51784.67,2024-09-04,2024-11-06,On Track
ACT-0051,Mali,Segou,Protection,Save the Children,INGO,NORAD,Legal Aid Beneficiaries (#),2587,1459,113581.95,119198.11,2024-07-02,2024-10-06,On Track
ACT-0052,Mali,Mopti,Education,IRC,INGO,OCHA,Teachers Trained (#),3627,1740,49204.6,35500.43,2024-09-06,2024-12-11,On Track
ACT-0053,Burkina Faso,Cascades,Shelter,CISV,NGO,BHA,Transitional Shelters Built (#),953,852,185693.26,116684.08,2024-08-22,2024-10-19,On Track
ACT-0054,Senegal,Dakar,Education,ACF,INGO,USAID,Learning Spaces Rehabilitated (#),1468,1234,174819.55,171889.46,2024-03-21,2024-07-03,At Risk
ACT-0055,Chad,N'Djamena,WASH,UNHCR,UN Agency,EU,Latrines Constructed (#),1228,596,44368.61,45576.66,2024-01-04,2024-04-05,At Risk
ACT-0056,Niger,Diffa,WASH,MSF,INGO,OCHA,Households with Safe Water Access (%),3499,2282,134674.07,55715.8,2024-09-28,2025-02-12,On Track
ACT-0057,Chad,Borkou,Protection,MENA,Government,EU,Child Protection Cases (#),3063,3248,91302.84,80128.64,2024-09-21,2024-11-07,On Track
ACT-0058,Niger,Agadez,Education,AFRIQUE ESPOIR,NGO,USAID,Teachers Trained (#),3321,3093,133734.35,104459.81,2024-10-21,2024-12-04,Delayed
ACT-0059,Chad,Borkou,Food Security,UNHCR,UN Agency,OCHA,Households Food Secure (%),164,160,180540.66,136813.86,2024-03-16,2024-07-27,At Risk
ACT-0060,Mali,Segou,Health,MASF,Government,EU,Maternal Deaths Avoided (#),3413,3217,176790.06,64212.04,2024-10-02,2025-01-25,At Risk
ACT-0061,Mali,Segou,Health,WFP,UN Agency,USAID,Maternal Deaths Avoided (#),4291,3373,106660.49,92558.35,2024-03-22,2024-04-26,On Track
ACT-0062,Senegal,Saint-Louis,WASH,WHO,UN Agency,BHA,Households with Safe Water Access (%),1004,916,169108.77,83677.95,2024-09-16,2025-01-14,On Track
ACT-0063,Burkina Faso,Est,Shelter,Save the Children,INGO,OCHA,NFI Kits Distributed (#),2034,1960,197855.02,143286.19,2024-09-30,2024-12-28,On Track
ACT-0064,Niger,Diffa,Food Security,AFRIQUE ESPOIR,NGO,BHA,Food Rations Distributed (#),2128,1007,105708.11,46978.42,2024-07-03,2024-11-26,On Track
ACT-0065,Chad,Borkou,Nutrition,IRC,INGO,NORAD,MUAC Screening Coverage (%),1165,854,92002.0,53082.45,2024-09-26,2025-02-06,Delayed
ACT-0066,Senegal,Ziguinchor,Education,FAO,UN Agency,NORAD,Learning Spaces Rehabilitated (#),3568,3916,139358.48,140872.61,2024-08-01,2024-10-11,On Track
ACT-0067,Mali,Tombouctou,Food Security,DNDS,Government,GFFO,Households Food Secure (%),4304,4322,28021.34,12875.3,2024-08-30,2024-10-07,On Track
ACT-0068,Niger,Niamey,Health,DREP,Government,USAID,Vaccination Coverage (%),3127,2502,12855.02,5334.56,2024-07-09,2024-10-25,On Track
ACT-0069,Niger,Agadez,Nutrition,CREDO,NGO,EU,MUAC Screening Coverage (%),4930,3427,187680.03,99258.9,2024-05-25,2024-08-18,On Track
ACT-0070,Chad,N'Djamena,Nutrition,UNICEF,UN Agency,EU,MUAC Screening Coverage (%),466,322,116746.52,84562.19,2024-06-21,2024-10-25,At Risk
ACT-0071,Senegal,Thiès,Education,CISV,NGO,GFFO,Learning Spaces Rehabilitated (#),3875,3616,135108.05,55628.98,2024-06-15,2024-08-06,Delayed
ACT-0072,Senegal,Ziguinchor,Protection,AFRIQUE ESPOIR,NGO,OCHA,Legal Aid Beneficiaries (#),4531,1957,135736.55,85829.23,2024-05-22,2024-07-13,On Track
ACT-0073,Burkina Faso,Cascades,Food Security,FAO,UN Agency,GFFO,Households Food Secure (%),1114,947,21604.65,21958.45,2024-10-04,2025-03-30,On Track
ACT-0074,Senegal,Thiès,Education,MENA,Government,USAID,Learning Spaces Rehabilitated (#),1085,933,108712.59,111080.63,2024-05-20,2024-08-10,On Track
ACT-0075,Senegal,Ziguinchor,Nutrition,WHO,UN Agency,BHA,MUAC Screening Coverage (%),468,348,187100.51,103834.69,2024-04-02,2024-08-16,On Track
ACT-0076,Niger,Agadez,Shelter,IRC,INGO,USAID,NFI Kits Distributed (#),4538,2349,33086.68,16267.59,2024-02-15,2024-04-24,On Track
ACT-0077,Mali,Bamako,Health,WFP,UN Agency,USAID,Consultations Conducted (#),579,352,24255.12,9868.08,2024-06-14,2024-09-18,At Risk
ACT-0078,Burkina Faso,Sahel,WASH,AFRIQUE ESPOIR,NGO,BHA,Households with Safe Water Access (%),4232,2833,27440.87,9480.11,2024-08-25,2025-02-12,At Risk
ACT-0079,Chad,N'Djamena,Protection,SPONG,NGO,OCHA,Legal Aid Beneficiaries (#),4638,4983,136644.0,66236.41,2024-10-11,2024-12-12,On Track
ACT-0080,Chad,Borkou,Nutrition,CREDO,NGO,OCHA,SAM Treatment Rate (%),4527,4933,157494.61,110742.61,2024-08-04,2025-01-23,At Risk
ACT-0081,Burkina Faso,Est,Education,WFP,UN Agency,USAID,Learning Spaces Rehabilitated (#),592,623,99026.32,74111.38,2024-07-13,2024-11-09,On Track
ACT-0082,Senegal,Saint-Louis,Nutrition,CISV,NGO,BHA,MAM Recovery Rate (%),672,410,82084.46,32196.21,2024-03-12,2024-08-31,On Track
ACT-0083,Mali,Segou,Health,UNHCR,UN Agency,GFFO,Vaccination Coverage (%),2241,2433,143012.05,72186.74,2024-06-13,2024-10-08,On Track
ACT-0084,Senegal,Saint-Louis,Nutrition,SPONG,NGO,BHA,MUAC Screening Coverage (%),4003,1613,6867.83,2954.21,2024-10-11,2025-03-15,At Risk
ACT-0085,Burkina Faso,Centre,Health,Save the Children,INGO,GFFO,Maternal Deaths Avoided (#),1111,718,163492.34,150511.07,2024-07-02,2024-11-08,On Track
ACT-0086,Burkina Faso,Centre,Protection,WFP,UN Agency,NORAD,Legal Aid Beneficiaries (#),176,97,8857.43,4524.83,2024-07-02,2024-09-19,On Track
ACT-0087,Niger,Zinder,WASH,MASF,Government,USAID,Households with Safe Water Access (%),2399,1787,142289.3,107360.15,2024-01-04,2024-03-24,At Risk
ACT-0088,Niger,Diffa,Health,DNDS,Government,BHA,Maternal Deaths Avoided (#),1687,1454,115312.87,93609.57,2024-10-16,2024-12-29,On Track
ACT-0089,Mali,Bamako,WASH,FAO,UN Agency,EU,Latrines Constructed (#),1967,1999,147135.28,74413.08,2024-01-12,2024-06-26,Delayed
ACT-0090,Senegal,Ziguinchor,Nutrition,DREP,Government,EU,MAM Recovery Rate (%),2746,1929,199045.76,100622.95,2024-09-22,2025-02-18,At Risk
ACT-0091,Senegal,Dakar,Food Security,SPONG,NGO,OCHA,Food Rations Distributed (#),3541,2736,66667.18,39593.25,2024-06-20,2024-08-09,Delayed
ACT-0092,Mali,Tombouctou,Nutrition,CREDO,NGO,UNICEF,MUAC Screening Coverage (%),2797,1727,127068.96,47338.85,2024-09-02,2025-01-20,On Track
ACT-0093,Niger,Maradi,WASH,Save the Children,INGO,UNICEF,Hygiene Kits Distributed (#),2891,2841,165218.59,113960.56,2024-05-01,2024-06-18,Delayed
ACT-0094,Chad,N'Djamena,Food Security,MENA,Government,USAID,Cash Transfers Made (#),800,865,183759.3,107140.19,2024-02-03,2024-04-05,On Track
ACT-0095,Burkina Faso,Nord,Health,DREP,Government,USAID,Maternal Deaths Avoided (#),557,440,62508.77,36635.87,2024-02-19,2024-07-03,On Track
ACT-0096,Senegal,Dakar,Protection,MSHP,Government,EU,Child Protection Cases (#),3607,3664,125749.96,69755.06,2024-01-14,2024-06-08,Delayed
ACT-0097,Senegal,Thiès,Nutrition,IRC,INGO,BHA,MAM Recovery Rate (%),653,532,168952.0,165281.94,2024-03-05,2024-08-12,On Track
ACT-0098,Chad,Borkou,Food Security,DNDS,Government,UNICEF,Cash Transfers Made (#),1227,1175,16795.78,8964.75,2024-08-11,2025-01-19,On Track
ACT-0099,Senegal,Louga,Education,CREDO,NGO,NORAD,Children Enrolled (#),2628,2161,61757.47,63468.36,2024-09-22,2025-03-21,On Track
ACT-0100,Mali,Segou,Education,Save the Children,INGO,OCHA,Learning Spaces Rehabilitated (#),1700,1842,129908.18,58581.56,2024-02-05,2024-06-01,On Track
ACT-0101,Chad,Borkou,Health,FAO,UN Agency,BHA,Consultations Conducted (#),2849,2368,86645.58,36539.31,2024-08-20,2024-09-29,At Risk
ACT-0102,Burkina Faso,Sahel,Food Security,AFRIQUE ESPOIR,NGO,BHA,Cash Transfers Made (#),1846,1047,148244.3,150385.12,2024-06-18,2024-10-22,On Track
ACT-0103,Mali,Bamako,Shelter,IRC,INGO,OCHA,Families Sheltered (#),345,271,32768.38,20654.11,2024-10-26,2025-02-25,On Track
ACT-0104,Mali,Mopti,Shelter,CREDO,NGO,OCHA,Families Sheltered (#),1527,974,113128.47,49087.13,2024-01-12,2024-03-27,On Track
ACT-0105,Burkina Faso,Sahel,Protection,MSF,INGO,UNICEF,Child Protection Cases (#),2599,1869,77079.93,44649.53,2024-03-28,2024-09-08,Delayed
ACT-0106,Burkina Faso,Centre,WASH,CREDO,NGO,UNICEF,Hygiene Kits Distributed (#),4462,2966,77979.78,58458.47,2024-05-05,2024-06-15,Delayed
ACT-0107,Mali,Segou,Shelter,AMADE,NGO,UNICEF,Families Sheltered (#),536,450,59614.29,23538.34,2024-09-17,2025-03-15,At Risk
ACT-0108,Burkina Faso,Est,Education,Oxfam,INGO,BHA,Children Enrolled (#),3279,3036,130788.96,89180.92,2024-09-12,2025-02-21,At Risk
ACT-0109,Niger,Maradi,Health,MSHP,Government,NORAD,Consultations Conducted (#),2298,1854,129430.59,115577.42,2024-01-19,2024-04-11,On Track
ACT-0110,Chad,Lac,Protection,AMADE,NGO,NORAD,GBV Cases Referred (#),3189,2551,187422.29,108813.73,2024-10-08,2024-11-28,On Track
ACT-0111,Niger,Agadez,Health,WFP,UN Agency,BHA,Vaccination Coverage (%),437,317,126119.53,78140.73,2024-08-27,2025-01-14,At Risk
ACT-0112,Chad,Ouaddai,Shelter,DREP,Government,UNICEF,Transitional Shelters Built (#),3718,2095,130844.2,74492.18,2024-02-12,2024-05-27,Delayed
ACT-0113,Senegal,Dakar,Education,WFP,UN Agency,USAID,Teachers Trained (#),1071,481,12464.87,5612.06,2024-04-10,2024-08-02,On Track
ACT-0114,Niger,Zinder,Food Security,CISV,NGO,OCHA,Households Food Secure (%),169,158,59959.83,33575.96,2024-07-25,2024-12-05,Delayed
ACT-0115,Burkina Faso,Est,Food Security,AFRIQUE ESPOIR,NGO,UNICEF,Households Food Secure (%),1958,1774,45925.63,21828.1,2024-10-27,2025-04-16,At Risk
ACT-0116,Chad,Ouaddai,Education,MSF,INGO,EU,Children Enrolled (#),1638,1146,188676.31,115708.75,2024-08-12,2025-01-04,Delayed
ACT-0117,Niger,Zinder,Health,AMADE,NGO,GFFO,Maternal Deaths Avoided (#),179,134,133475.38,75546.64,2024-04-25,2024-09-09,At Risk
ACT-0118,Chad,Kanem,Shelter,FAO,UN Agency,USAID,Transitional Shelters Built (#),4749,4510,184818.12,76749.13,2024-06-18,2024-12-10,Delayed
ACT-0119,Senegal,Ziguinchor,Protection,AFRIQUE ESPOIR,NGO,USAID,GBV Cases Referred (#),4478,3002,97581.64,53341.15,2024-08-19,2024-12-04,On Track
ACT-0120,Burkina Faso,Cascades,WASH,ACF,INGO,NORAD,Latrines Constructed (#),319,169,18550.75,18963.43,2024-05-25,2024-08-15,On Track
ACT-0121,Senegal,Dakar,Protection,MSF,INGO,BHA,Legal Aid Beneficiaries (#),190,98,172642.93,104992.09,2024-03-21,2024-05-18,On Track
ACT-0122,Chad,Borkou,Food Security,Save the Children,INGO,EU,Households Food Secure (%),1791,879,45107.02,28153.57,2024-08-31,2024-11-09,Delayed
ACT-0123,Niger,Diffa,WASH,MASF,Government,UNICEF,Hygiene Kits Distributed (#),160,175,91917.66,84420.58,2024-05-06,2024-10-17,On Track
ACT-0124,Chad,Borkou,Protection,IRC,INGO,OCHA,GBV Cases Referred (#),3838,2466,169314.7,151411.38,2024-07-19,2024-10-01,At Risk
ACT-0125,Mali,Segou,Food Security,MSHP,Government,NORAD,Cash Transfers Made (#),1602,1424,23629.16,19470.04,2024-01-23,2024-04-23,On Track
ACT-0126,Senegal,Saint-Louis,Food Security,Oxfam,INGO,NORAD,Cash Transfers Made (#),3469,3797,112800.66,118044.46,2024-02-09,2024-04-05,Delayed
ACT-0127,Chad,Borkou,WASH,WFP,UN Agency,BHA,Hygiene Kits Distributed (#),465,336,19273.12,15820.62,2024-08-24,2024-12-29,On Track
ACT-0128,Chad,Lac,Protection,IRC,INGO,OCHA,GBV Cases Referred (#),1039,931,31613.71,25377.01,2024-08-25,2025-01-26,At Risk
ACT-0129,Burkina Faso,Cascades,Food Security,AFRIQUE ESPOIR,NGO,UNICEF,Cash Transfers Made (#),3956,3854,169104.69,72366.97,2024-01-10,2024-03-05,On Track
ACT-0130,Burkina Faso,Cascades,Food Security,DNDS,Government,USAID,Food Rations Distributed (#),191,166,34931.81,19861.01,2024-04-20,2024-05-28,Delayed
ACT-0131,Chad,N'Djamena,Education,Save the Children,INGO,GFFO,Teachers Trained (#),2625,1865,121650.04,40935.06,2024-07-12,2024-10-01,On Track
ACT-0132,Mali,Mopti,Nutrition,Save the Children,INGO,USAID,MUAC Screening Coverage (%),219,139,42469.6,34048.39,2024-04-22,2024-06-15,On Track
ACT-0133,Mali,Bamako,Protection,MSF,INGO,OCHA,GBV Cases Referred (#),4704,3945,126811.3,126905.84,2024-07-21,2024-12-07,On Track
ACT-0134,Mali,Bamako,Shelter,WFP,UN Agency,USAID,Transitional Shelters Built (#),3394,2911,7336.37,3371.62,2024-04-22,2024-06-07,On Track
ACT-0135,Senegal,Saint-Louis,Nutrition,Oxfam,INGO,NORAD,MAM Recovery Rate (%),2570,2408,102417.32,106806.49,2024-10-01,2025-03-25,On Track
ACT-0136,Burkina Faso,Cascades,Shelter,DNDS,Government,OCHA,Families Sheltered (#),1536,1297,177373.57,95511.27,2024-09-03,2024-10-20,On Track
ACT-0137,Senegal,Louga,Protection,MENA,Government,GFFO,GBV Cases Referred (#),2004,1507,142402.68,44140.38,2024-01-11,2024-03-12,On Track
ACT-0138,Chad,Lac,Health,IRC,INGO,UNICEF,Vaccination Coverage (%),3168,2373,44392.3,25827.93,2024-01-20,2024-04-19,Delayed
ACT-0139,Niger,Zinder,Shelter,UNICEF,UN Agency,BHA,Families Sheltered (#),3498,2986,61248.75,19463.02,2024-06-18,2024-10-13,On Track
ACT-0140,Senegal,Dakar,Food Security,CREDO,NGO,BHA,Food Rations Distributed (#),3225,2467,40791.37,31504.68,2024-02-03,2024-07-07,On Track
ACT-0141,Burkina Faso,Sahel,WASH,SPONG,NGO,UNICEF,Hygiene Kits Distributed (#),4954,3884,160070.45,72556.73,2024-09-16,2024-11-05,At Risk
ACT-0142,Chad,Ouaddai,WASH,CREDO,NGO,NORAD,Households with Safe Water Access (%),1545,1273,64104.64,46944.88,2024-04-13,2024-07-21,At Risk
ACT-0143,Niger,Agadez,Protection,AFRIQUE ESPOIR,NGO,NORAD,Child Protection Cases (#),3562,2684,148310.98,129066.64,2024-09-03,2024-10-08,At Risk
ACT-0144,Burkina Faso,Nord,Health,CISV,NGO,GFFO,Vaccination Coverage (%),1539,892,95411.99,61082.98,2024-07-11,2024-12-31,Delayed
ACT-0145,Burkina Faso,Nord,WASH,DNDS,Government,UNICEF,Latrines Constructed (#),1653,666,173022.75,146684.62,2024-07-10,2024-12-12,At Risk
ACT-0146,Chad,Ouaddai,Protection,MASF,Government,GFFO,GBV Cases Referred (#),4919,2212,177574.92,185451.14,2024-03-04,2024-07-10,Delayed
ACT-0147,Mali,Tombouctou,Shelter,FAO,UN Agency,GFFO,Families Sheltered (#),4102,3464,76795.21,26362.14,2024-07-16,2024-12-01,On Track
ACT-0148,Chad,N'Djamena,Education,UNICEF,UN Agency,GFFO,Learning Spaces Rehabilitated (#),1311,764,93816.8,76066.65,2024-05-10,2024-08-11,Delayed
ACT-0149,Mali,Bamako,Nutrition,Save the Children,INGO,NORAD,MAM Recovery Rate (%),4901,5302,20667.92,20305.44,2024-08-04,2024-10-15,At Risk
ACT-0150,Niger,Diffa,Health,MENA,Government,OCHA,Consultations Conducted (#),3471,3216,185242.52,176362.64,2024-02-25,2024-08-19,On Track
ACT-0151,Niger,Zinder,Food Security,MASF,Government,USAID,Households Food Secure (%),1479,1436,5307.82,1870.38,2024-08-01,2025-01-12,At Risk
ACT-0152,Niger,Agadez,WASH,AMADE,NGO,UNICEF,Households with Safe Water Access (%),1200,646,40486.94,40946.97,2024-08-18,2025-02-09,On Track
ACT-0153,Mali,Bamako,Food Security,CREDO,NGO,OCHA,Food Rations Distributed (#),3448,2442,183029.42,69898.31,2024-03-26,2024-05-15,On Track
ACT-0154,Chad,N'Djamena,Shelter,MSF,INGO,USAID,Families Sheltered (#),4897,2763,99612.9,86703.09,2024-01-05,2024-02-19,On Track
ACT-0155,Senegal,Dakar,Nutrition,CISV,NGO,EU,MAM Recovery Rate (%),159,105,106414.45,108706.98,2024-05-16,2024-10-17,At Risk
ACT-0156,Senegal,Ziguinchor,Shelter,UNHCR,UN Agency,OCHA,Families Sheltered (#),2062,2183,134690.27,78635.79,2024-01-30,2024-05-30,On Track
ACT-0157,Burkina Faso,Est,Education,DNDS,Government,USAID,Learning Spaces Rehabilitated (#),1106,1115,59496.17,49051.53,2024-05-07,2024-09-08,At Risk
ACT-0158,Chad,Kanem,Protection,SPONG,NGO,GFFO,Legal Aid Beneficiaries (#),2739,1127,75240.09,25153.94,2024-06-15,2024-11-05,On Track
ACT-0159,Chad,Borkou,Food Security,MSF,INGO,NORAD,Food Rations Distributed (#),4000,4363,172134.5,168502.82,2024-07-16,2024-10-29,Delayed
ACT-0160,Mali,Segou,Health,Oxfam,INGO,NORAD,Consultations Conducted (#),813,496,136247.12,96948.0,2024-08-27,2024-11-08,At Risk
ACT-0161,Chad,Kanem,WASH,CREDO,NGO,UNICEF,Households with Safe Water Access (%),832,394,198705.49,63966.54,2024-06-16,2024-10-22,On Track
ACT-0162,Niger,Agadez,Food Security,Oxfam,INGO,BHA,Cash Transfers Made (#),4130,1913,139897.99,133456.45,2024-10-21,2024-12-06,On Track
ACT-0163,Chad,Kanem,Education,DNDS,Government,UNICEF,Teachers Trained (#),2222,1068,22097.67,8106.63,2024-04-06,2024-06-04,Delayed
ACT-0164,Mali,Gao,Protection,MSF,INGO,USAID,Legal Aid Beneficiaries (#),4933,3822,170188.13,176125.5,2024-06-12,2024-10-13,On Track
ACT-0165,Senegal,Louga,WASH,Save the Children,INGO,USAID,Hygiene Kits Distributed (#),4509,4493,66605.61,60751.71,2024-05-31,2024-08-25,At Risk
ACT-0166,Chad,Lac,Health,WFP,UN Agency,GFFO,Vaccination Coverage (%),381,312,65233.83,68022.66,2024-03-04,2024-06-12,Delayed
ACT-0167,Mali,Tombouctou,Shelter,DREP,Government,EU,NFI Kits Distributed (#),2829,1433,144769.43,135511.78,2024-04-25,2024-06-07,On Track
ACT-0168,Chad,Ouaddai,Education,SPONG,NGO,BHA,Learning Spaces Rehabilitated (#),3313,2107,137190.24,143053.16,2024-07-19,2024-11-26,On Track
ACT-0169,Niger,Maradi,Food Security,CISV,NGO,NORAD,Households Food Secure (%),897,440,151691.96,111537.24,2024-01-28,2024-05-14,At Risk
ACT-0170,Mali,Segou,WASH,MSHP,Government,OCHA,Households with Safe Water Access (%),1286,703,161849.9,72305.03,2024-01-05,2024-05-06,Delayed
ACT-0171,Mali,Tombouctou,Protection,SPONG,NGO,USAID,Child Protection Cases (#),3012,3258,40028.41,13583.8,2024-09-20,2025-01-14,Delayed
ACT-0172,Mali,Tombouctou,WASH,IRC,INGO,UNICEF,Hygiene Kits Distributed (#),3349,2485,139156.9,141371.79,2024-07-11,2024-09-01,At Risk
ACT-0173,Chad,Ouaddai,Food Security,MASF,Government,USAID,Households Food Secure (%),1083,521,28800.05,22494.48,2024-09-17,2024-12-13,On Track
ACT-0174,Senegal,Louga,Protection,UNICEF,UN Agency,EU,GBV Cases Referred (#),4956,2610,99417.34,77888.27,2024-08-10,2024-11-24,Delayed
ACT-0175,Burkina Faso,Nord,Nutrition,AFRIQUE ESPOIR,NGO,EU,MUAC Screening Coverage (%),261,176,164405.25,145927.07,2024-09-28,2025-03-02,On Track
ACT-0176,Senegal,Louga,Food Security,Oxfam,INGO,GFFO,Food Rations Distributed (#),1061,558,121825.01,52988.17,2024-10-11,2025-03-04,On Track
ACT-0177,Burkina Faso,Sahel,Health,CREDO,NGO,USAID,Vaccination Coverage (%),4707,2728,151848.4,55190.48,2024-03-04,2024-08-10,On Track
ACT-0178,Senegal,Thiès,Protection,Oxfam,INGO,OCHA,Legal Aid Beneficiaries (#),478,507,106291.4,94291.25,2024-09-30,2025-02-20,On Track
ACT-0179,Chad,Ouaddai,Health,FAO,UN Agency,BHA,Consultations Conducted (#),4282,2341,24306.78,22236.39,2024-05-01,2024-06-09,On Track
ACT-0180,Niger,Zinder,WASH,CISV,NGO,OCHA,Hygiene Kits Distributed (#),2372,1162,126350.98,44951.86,2024-05-10,2024-08-14,At Risk
ACT-0181,Mali,Tombouctou,Protection,MSF,INGO,GFFO,Legal Aid Beneficiaries (#),3584,3792,32932.57,14912.6,2024-05-17,2024-08-04,On Track
ACT-0182,Senegal,Louga,WASH,DNDS,Government,OCHA,Households with Safe Water Access (%),3652,2429,192983.45,93717.25,2024-05-18,2024-07-18,Delayed
ACT-0183,Senegal,Ziguinchor,Nutrition,UNICEF,UN Agency,OCHA,MAM Recovery Rate (%),2832,2675,33534.28,30133.0,2024-05-20,2024-06-21,On Track
ACT-0184,Mali,Tombouctou,Nutrition,Oxfam,INGO,BHA,MUAC Screening Coverage (%),2611,2120,162325.64,60329.2,2024-06-27,2024-12-20,On Track
ACT-0185,Niger,Diffa,Nutrition,Oxfam,INGO,OCHA,MAM Recovery Rate (%),3291,1732,162186.57,131104.96,2024-09-29,2025-03-19,Delayed
ACT-0186,Chad,Kanem,WASH,UNICEF,UN Agency,GFFO,Hygiene Kits Distributed (#),4307,3873,133224.77,54222.83,2024-10-17,2025-01-23,On Track
ACT-0187,Niger,Zinder,Food Security,MSHP,Government,UNICEF,Households Food Secure (%),3695,4028,160701.44,108742.15,2024-05-21,2024-10-07,Delayed
ACT-0188,Mali,Gao,Food Security,MSF,INGO,NORAD,Households Food Secure (%),2661,2638,128761.95,46034.96,2024-05-02,2024-06-24,On Track
ACT-0189,Burkina Faso,Centre,Food Security,FAO,UN Agency,NORAD,Households Food Secure (%),187,200,87676.81,59752.78,2024-03-10,2024-08-09,At Risk
ACT-0190,Senegal,Dakar,Protection,ACF,INGO,UNICEF,GBV Cases Referred (#),159,143,142005.38,122444.28,2024-05-05,2024-10-17,Delayed
ACT-0191,Senegal,Ziguinchor,WASH,CREDO,NGO,USAID,Households with Safe Water Access (%),3106,3067,105168.47,106678.97,2024-08-04,2025-01-07,At Risk
ACT-0192,Niger,Niamey,Shelter,CISV,NGO,EU,Families Sheltered (#),1065,642,99209.31,49462.1,2024-01-02,2024-06-25,At Risk
ACT-0193,Niger,Diffa,Education,Save the Children,INGO,BHA,Children Enrolled (#),4099,1804,6148.77,3967.59,2024-06-01,2024-09-29,On Track
ACT-0194,Niger,Zinder,Protection,UNICEF,UN Agency,USAID,Child Protection Cases (#),3629,2701,21525.04,14760.56,2024-03-19,2024-08-01,On Track
ACT-0195,Burkina Faso,Sahel,Education,WFP,UN Agency,NORAD,Teachers Trained (#),3338,2209,76076.66,73729.32,2024-10-01,2025-01-07,On Track
ACT-0196,Chad,Lac,WASH,WHO,UN Agency,USAID,Latrines Constructed (#),3042,3098,143297.79,54882.94,2024-05-25,2024-07-04,On Track
ACT-0197,Chad,Ouaddai,Nutrition,CREDO,NGO,NORAD,MUAC Screening Coverage (%),2277,1100,100368.23,67414.9,2024-03-06,2024-06-27,At Risk
ACT-0198,Chad,Lac,Nutrition,IRC,INGO,UNICEF,MUAC Screening Coverage (%),1374,880,7661.55,6231.36,2024-01-27,2024-05-23,At Risk
ACT-0199,Burkina Faso,Est,Protection,UNHCR,UN Agency,NORAD,Child Protection Cases (#),776,723,53310.72,22090.46,2024-09-18,2024-12-04,On Track
ACT-0200,Burkina Faso,Nord,Food Security,AFRIQUE ESPOIR,NGO,UNICEF,Households Food Secure (%),3982,3561,162940.73,134566.02,2024-09-14,2024-11-29,On Track
ACT-0201,Mali,Mopti,Nutrition,AFRIQUE ESPOIR,NGO,USAID,MAM Recovery Rate (%),2343,2561,186174.17,115377.2,2024-04-12,2024-06-04,On Track
ACT-0202,Chad,Kanem,Shelter,CREDO,NGO,OCHA,NFI Kits Distributed (#),3590,2640,104423.42,81753.6,2024-06-04,2024-08-01,On Track
ACT-0203,Niger,Maradi,Food Security,DNDS,Government,OCHA,Cash Transfers Made (#),489,257,5104.51,4059.73,2024-06-13,2024-09-05,On Track
ACT-0204,Niger,Diffa,Nutrition,DNDS,Government,OCHA,MAM Recovery Rate (%),4124,2699,64349.56,23980.86,2024-01-07,2024-06-26,On Track
ACT-0205,Niger,Maradi,Food Security,WFP,UN Agency,GFFO,Households Food Secure (%),2360,1290,79889.62,77125.07,2024-03-07,2024-05-06,On Track
ACT-0206,Mali,Mopti,Food Security,DREP,Government,USAID,Food Rations Distributed (#),4577,3814,63787.9,41822.47,2024-04-13,2024-09-26,On Track
ACT-0207,Mali,Mopti,Protection,FAO,UN Agency,OCHA,Legal Aid Beneficiaries (#),3098,2211,144878.55,142435.45,2024-02-04,2024-07-06,At Risk
ACT-0208,Senegal,Dakar,WASH,WFP,UN Agency,OCHA,Hygiene Kits Distributed (#),472,504,16854.71,17349.49,2024-04-07,2024-08-16,At Risk
ACT-0209,Senegal,Louga,Nutrition,AFRIQUE ESPOIR,NGO,EU,SAM Treatment Rate (%),4272,2857,156977.57,94286.49,2024-05-19,2024-08-09,On Track
ACT-0210,Mali,Segou,WASH,ACF,INGO,NORAD,Hygiene Kits Distributed (#),4227,3784,107389.27,56654.03,2024-04-22,2024-08-05,On Track
ACT-0211,Burkina Faso,Sahel,WASH,ACF,INGO,UNICEF,Hygiene Kits Distributed (#),2490,1064,33887.2,32623.27,2024-03-09,2024-06-16,On Track
ACT-0212,Mali,Mopti,Health,IRC,INGO,GFFO,Vaccination Coverage (%),2946,2483,194582.63,105740.37,2024-10-08,2025-01-13,On Track
ACT-0213,Senegal,Saint-Louis,Shelter,IRC,INGO,EU,Families Sheltered (#),3012,1667,193219.36,83577.31,2024-01-09,2024-06-24,Delayed
ACT-0214,Chad,Ouaddai,Education,AFRIQUE ESPOIR,NGO,UNICEF,Children Enrolled (#),2756,1620,118424.44,107268.82,2024-07-21,2024-09-28,At Risk
ACT-0215,Chad,Ouaddai,WASH,DREP,Government,NORAD,Hygiene Kits Distributed (#),1586,1144,164041.61,70879.58,2024-10-18,2025-03-22,On Track
ACT-0216,Niger,Niamey,Shelter,CREDO,NGO,EU,Transitional Shelters Built (#),3329,2933,41630.36,16970.27,2024-08-06,2024-11-06,At Risk
ACT-0217,Chad,N'Djamena,Food Security,SPONG,NGO,BHA,Food Rations Distributed (#),916,608,9039.6,8315.72,2024-01-23,2024-03-26,On Track
ACT-0218,Niger,Zinder,Food Security,IRC,INGO,EU,Cash Transfers Made (#),971,757,164559.8,154610.54,2024-02-13,2024-05-04,On Track
ACT-0219,Senegal,Ziguinchor,Education,AMADE,NGO,OCHA,Children Enrolled (#),4023,2044,15895.72,13019.09,2024-10-05,2024-12-05,On Track
ACT-0220,Burkina Faso,Cascades,Shelter,ACF,INGO,EU,NFI Kits Distributed (#),3502,1748,182872.56,58153.59,2024-08-06,2024-12-12,On Track
ACT-0221,Niger,Zinder,Food Security,DREP,Government,NORAD,Households Food Secure (%),1489,1628,48781.88,49628.24,2024-05-24,2024-09-22,On Track
ACT-0222,Niger,Niamey,Shelter,IRC,INGO,BHA,Transitional Shelters Built (#),1337,701,108443.72,81301.19,2024-08-05,2024-10-12,On Track
ACT-0223,Niger,Maradi,Nutrition,WHO,UN Agency,GFFO,MUAC Screening Coverage (%),3123,3288,163090.29,135932.5,2024-02-09,2024-03-10,On Track
ACT-0224,Mali,Gao,WASH,MSHP,Government,GFFO,Latrines Constructed (#),4019,3899,27066.99,16797.5,2024-05-22,2024-07-28,On Track
ACT-0225,Mali,Mopti,Education,MASF,Government,OCHA,Teachers Trained (#),4148,2889,140217.06,85596.66,2024-06-19,2024-08-23,On Track
ACT-0226,Chad,Kanem,Protection,MENA,Government,BHA,GBV Cases Referred (#),1985,1328,118287.97,72910.41,2024-10-22,2025-01-16,On Track
ACT-0227,Niger,Niamey,WASH,MSF,INGO,BHA,Latrines Constructed (#),3982,4262,184576.3,63620.32,2024-06-27,2024-10-27,On Track
ACT-0228,Chad,Lac,Education,DNDS,Government,UNICEF,Learning Spaces Rehabilitated (#),1939,851,31871.26,32557.73,2024-03-14,2024-07-18,On Track
ACT-0229,Chad,Ouaddai,Nutrition,ACF,INGO,USAID,SAM Treatment Rate (%),4006,3950,174743.01,56378.96,2024-07-06,2024-09-10,On Track
ACT-0230,Burkina Faso,Centre,Health,DNDS,Government,EU,Maternal Deaths Avoided (#),1594,1161,32321.92,22482.72,2024-06-02,2024-10-30,At Risk
ACT-0231,Niger,Agadez,Education,MSF,INGO,USAID,Children Enrolled (#),1377,608,130278.58,98116.73,2024-03-29,2024-09-03,On Track
ACT-0232,Chad,Borkou,Food Security,MENA,Government,GFFO,Food Rations Distributed (#),2213,2309,102865.13,85585.29,2024-08-04,2024-10-13,On Track
ACT-0233,Senegal,Ziguinchor,WASH,AFRIQUE ESPOIR,NGO,BHA,Latrines Constructed (#),558,308,40820.29,35084.91,2024-10-13,2024-12-01,At Risk
ACT-0234,Niger,Agadez,Education,DNDS,Government,USAID,Teachers Trained (#),3143,2679,42972.46,16385.43,2024-02-09,2024-06-10,Delayed
ACT-0235,Burkina Faso,Sahel,Shelter,CISV,NGO,USAID,Transitional Shelters Built (#),635,348,7140.52,7013.88,2024-04-06,2024-09-24,On Track
ACT-0236,Burkina Faso,Sahel,Shelter,ACF,INGO,BHA,Families Sheltered (#),467,371,159094.01,53178.84,2024-06-10,2024-08-02,On Track
ACT-0237,Niger,Maradi,Protection,AMADE,NGO,EU,Legal Aid Beneficiaries (#),3300,2996,194900.89,161181.6,2024-02-19,2024-06-12,At Risk
ACT-0238,Senegal,Dakar,Health,SPONG,NGO,BHA,Consultations Conducted (#),3230,2370,174418.41,57219.04,2024-03-23,2024-05-30,At Risk
ACT-0239,Burkina Faso,Sahel,WASH,CREDO,NGO,BHA,Latrines Constructed (#),4329,4738,123704.09,85660.79,2024-06-23,2024-11-14,On Track
ACT-0240,Niger,Maradi,Health,DREP,Government,GFFO,Consultations Conducted (#),3275,1858,199416.85,150591.19,2024-03-19,2024-09-10,At Risk
ACT-0241,Burkina Faso,Sahel,Education,FAO,UN Agency,EU,Teachers Trained (#),814,609,93687.53,40031.58,2024-05-31,2024-08-10,On Track
ACT-0242,Senegal,Saint-Louis,Shelter,IRC,INGO,UNICEF,Transitional Shelters Built (#),3874,2249,97285.89,47866.58,2024-08-14,2024-10-18,On Track
ACT-0243,Chad,N'Djamena,Shelter,WHO,UN Agency,NORAD,Transitional Shelters Built (#),1156,819,104933.45,80638.62,2024-06-09,2024-10-12,On Track
ACT-0244,Chad,Kanem,Protection,UNICEF,UN Agency,BHA,Child Protection Cases (#),567,520,52739.27,48305.28,2024-01-05,2024-03-14,On Track
ACT-0245,Chad,Lac,Health,DREP,Government,UNICEF,Consultations Conducted (#),3280,3319,135484.36,76102.04,2024-08-27,2025-02-09,At Risk
ACT-0246,Burkina Faso,Sahel,Food Security,Save the Children,INGO,EU,Food Rations Distributed (#),3648,1968,69100.52,37173.57,2024-09-05,2024-11-28,At Risk
ACT-0247,Niger,Agadez,Nutrition,AFRIQUE ESPOIR,NGO,UNICEF,MAM Recovery Rate (%),1848,1153,11108.03,8340.0,2024-07-13,2024-08-27,On Track
ACT-0248,Chad,Lac,Nutrition,SPONG,NGO,EU,SAM Treatment Rate (%),3564,2098,128959.02,46772.59,2024-02-05,2024-05-15,At Risk
ACT-0249,Niger,Agadez,Education,MENA,Government,UNICEF,Children Enrolled (#),2225,1176,15479.75,15034.2,2024-08-07,2024-12-02,On Track
ACT-0250,Mali,Gao,Protection,MSHP,Government,BHA,Legal Aid Beneficiaries (#),1416,1523,90172.88,88770.54,2024-10-19,2025-02-25,On Track
ACT-0251,Senegal,Thiès,Nutrition,AMADE,NGO,GFFO,MUAC Screening Coverage (%),2692,1103,179817.72,179883.27,2024-09-12,2025-01-01,On Track
ACT-0252,Chad,Ouaddai,Health,Save the Children,INGO,EU,Vaccination Coverage (%),1129,952,129588.7,95089.95,2024-01-19,2024-04-13,On Track
ACT-0253,Senegal,Thiès,Health,DNDS,Government,OCHA,Consultations Conducted (#),1818,1939,194490.18,142488.82,2024-01-08,2024-05-11,On Track
ACT-0254,Niger,Maradi,Health,Save the Children,INGO,GFFO,Consultations Conducted (#),3835,2645,73587.15,67784.02,2024-08-06,2025-01-16,On Track
ACT-0255,Mali,Tombouctou,Protection,WFP,UN Agency,BHA,GBV Cases Referred (#),4973,2555,89995.85,46237.25,2024-08-11,2024-11-21,Delayed
ACT-0256,Burkina Faso,Centre,Nutrition,ACF,INGO,NORAD,MUAC Screening Coverage (%),949,709,151586.72,150892.71,2024-02-21,2024-07-13,Delayed
ACT-0257,Burkina Faso,Nord,Education,DNDS,Government,UNICEF,Teachers Trained (#),3824,3006,27327.72,25749.73,2024-03-04,2024-07-01,At Risk
ACT-0258,Chad,N'Djamena,Shelter,CISV,NGO,OCHA,NFI Kits Distributed (#),2292,2328,56577.32,52552.59,2024-07-31,2024-10-30,On Track
ACT-0259,Burkina Faso,Centre,Nutrition,AMADE,NGO,EU,MUAC Screening Coverage (%),4351,4237,121989.41,67254.89,2024-10-19,2025-03-08,On Track
ACT-0260,Chad,Lac,Health,DREP,Government,EU,Maternal Deaths Avoided (#),4833,3384,188181.38,111555.57,2024-03-29,2024-08-09,On Track
ACT-0261,Mali,Tombouctou,WASH,Oxfam,INGO,BHA,Latrines Constructed (#),1069,900,157934.85,147238.4,2024-05-13,2024-10-31,On Track
ACT-0262,Mali,Bamako,Nutrition,Save the Children,INGO,USAID,SAM Treatment Rate (%),4960,2515,125529.43,88844.0,2024-02-10,2024-08-04,At Risk
ACT-0263,Mali,Tombouctou,Food Security,WFP,UN Agency,UNICEF,Cash Transfers Made (#),1916,1164,109406.36,52946.2,2024-07-12,2024-10-16,On Track
ACT-0264,Burkina Faso,Sahel,Food Security,ACF,INGO,EU,Food Rations Distributed (#),947,452,185803.81,72837.55,2024-03-13,2024-06-23,On Track
ACT-0265,Burkina Faso,Centre,Protection,WFP,UN Agency,NORAD,Child Protection Cases (#),924,687,9281.61,3296.66,2024-02-09,2024-05-02,At Risk
ACT-0266,Niger,Agadez,Education,CREDO,NGO,OCHA,Teachers Trained (#),183,188,133634.95,103354.61,2024-01-17,2024-03-17,On Track
ACT-0267,Chad,Kanem,Health,Oxfam,INGO,BHA,Consultations Conducted (#),2184,2290,42604.83,13725.85,2024-01-12,2024-06-22,Delayed
ACT-0268,Mali,Gao,Nutrition,SPONG,NGO,OCHA,SAM Treatment Rate (%),1235,683,146910.06,147627.87,2024-05-17,2024-08-25,At Risk
ACT-0269,Burkina Faso,Nord,Food Security,WHO,UN Agency,GFFO,Households Food Secure (%),4161,2934,189537.41,187975.83,2024-05-08,2024-07-21,On Track
ACT-0270,Niger,Agadez,Nutrition,WFP,UN Agency,EU,MUAC Screening Coverage (%),1786,1906,100127.2,96336.68,2024-08-04,2024-11-11,On Track
ACT-0271,Burkina Faso,Cascades,Protection,DNDS,Government,BHA,Child Protection Cases (#),2991,1979,128376.2,44700.55,2024-03-26,2024-05-03,Delayed
ACT-0272,Senegal,Ziguinchor,Shelter,WHO,UN Agency,USAID,Families Sheltered (#),1039,546,67922.83,60666.79,2024-07-02,2024-10-02,On Track
ACT-0273,Niger,Maradi,WASH,UNICEF,UN Agency,USAID,Hygiene Kits Distributed (#),2709,2388,144776.51,66644.87,2024-10-17,2025-02-06,On Track
ACT-0274,Burkina Faso,Est,Shelter,CISV,NGO,UNICEF,Transitional Shelters Built (#),943,747,144671.8,146075.59,2024-02-08,2024-08-02,At Risk
ACT-0275,Chad,Ouaddai,Education,WFP,UN Agency,UNICEF,Teachers Trained (#),506,486,102236.94,106601.92,2024-08-03,2024-10-02,On Track
ACT-0276,Mali,Segou,Shelter,DNDS,Government,BHA,Families Sheltered (#),274,164,130514.99,122955.21,2024-01-03,2024-05-30,On Track
ACT-0277,Chad,N'Djamena,Health,MSF,INGO,GFFO,Vaccination Coverage (%),233,104,23548.36,21237.91,2024-06-03,2024-09-11,On Track
ACT-0278,Chad,N'Djamena,Health,WHO,UN Agency,BHA,Consultations Conducted (#),485,327,140809.1,90249.66,2024-03-03,2024-07-06,Delayed
ACT-0279,Burkina Faso,Sahel,Nutrition,Oxfam,INGO,USAID,MUAC Screening Coverage (%),2744,2752,146229.41,68692.13,2024-02-15,2024-05-03,On Track
ACT-0280,Burkina Faso,Centre,Shelter,IRC,INGO,USAID,Families Sheltered (#),2592,1172,69219.15,52576.3,2024-07-13,2024-10-20,On Track
ACT-0281,Senegal,Ziguinchor,Nutrition,AMADE,NGO,EU,MUAC Screening Coverage (%),1312,1216,178120.69,182462.77,2024-07-30,2024-12-21,On Track
ACT-0282,Senegal,Thiès,Health,MSHP,Government,OCHA,Maternal Deaths Avoided (#),2737,2575,99127.73,36563.22,2024-05-31,2024-07-21,On Track
ACT-0283,Mali,Mopti,Food Security,IRC,INGO,NORAD,Food Rations Distributed (#),593,325,135747.3,88386.8,2024-07-16,2024-10-02,At Risk
ACT-0284,Niger,Zinder,Education,UNHCR,UN Agency,GFFO,Teachers Trained (#),3819,3279,170322.36,64593.96,2024-03-07,2024-06-01,On Track
ACT-0285,Chad,Kanem,Health,AFRIQUE ESPOIR,NGO,UNICEF,Vaccination Coverage (%),662,393,37018.28,19633.02,2024-10-22,2024-12-17,On Track
ACT-0286,Burkina Faso,Centre,WASH,Save the Children,INGO,UNICEF,Households with Safe Water Access (%),2285,959,134067.67,85733.69,2024-05-15,2024-07-14,Delayed
ACT-0287,Niger,Agadez,WASH,AFRIQUE ESPOIR,NGO,BHA,Hygiene Kits Distributed (#),3629,2741,15365.63,7751.06,2024-02-20,2024-04-02,At Risk
ACT-0288,Chad,Lac,Shelter,AFRIQUE ESPOIR,NGO,UNICEF,Families Sheltered (#),4966,2945,123452.39,85054.23,2024-02-25,2024-04-07,On Track
ACT-0289,Mali,Bamako,Nutrition,ACF,INGO,OCHA,SAM Treatment Rate (%),2055,916,24701.24,11605.85,2024-07-26,2024-12-03,At Risk
ACT-0290,Mali,Gao,Protection,CREDO,NGO,EU,Legal Aid Beneficiaries (#),1767,1136,61158.55,45699.81,2024-01-02,2024-02-25,On Track
ACT-0291,Senegal,Ziguinchor,Food Security,WFP,UN Agency,UNICEF,Households Food Secure (%),2681,2351,37495.86,20589.59,2024-08-21,2024-10-26,On Track
ACT-0292,Chad,Borkou,Shelter,Oxfam,INGO,OCHA,Families Sheltered (#),730,379,153250.85,47094.05,2024-06-29,2024-11-27,Delayed
ACT-0293,Chad,Lac,Protection,IRC,INGO,EU,GBV Cases Referred (#),242,192,198130.55,183571.77,2024-09-25,2025-03-02,On Track
ACT-0294,Burkina Faso,Centre,Shelter,WHO,UN Agency,NORAD,NFI Kits Distributed (#),2973,3249,55181.2,36688.32,2024-07-05,2024-11-29,On Track
ACT-0295,Niger,Maradi,Health,DREP,Government,OCHA,Vaccination Coverage (%),4354,3961,9041.82,9349.04,2024-04-22,2024-06-27,On Track
ACT-0296,Burkina Faso,Sahel,Health,MASF,Government,UNICEF,Maternal Deaths Avoided (#),831,445,191188.81,148945.7,2024-05-20,2024-11-05,At Risk
ACT-0297,Mali,Gao,Food Security,UNHCR,UN Agency,NORAD,Households Food Secure (%),4926,3409,198819.02,105770.22,2024-01-22,2024-07-18,Delayed
ACT-0298,Niger,Diffa,Nutrition,MSHP,Government,BHA,MUAC Screening Coverage (%),2942,1770,194046.63,130825.32,2024-03-16,2024-08-12,On Track
ACT-0299,Niger,Diffa,Health,AMADE,NGO,NORAD,Consultations Conducted (#),2461,1095,62471.71,40006.49,2024-04-21,2024-08-01,Delayed
ACT-0300,Burkina Faso,Est,Shelter,Save the Children,INGO,OCHA,Families Sheltered (#),105,45,31855.16,30550.42,2024-09-14,2025-03-06,On Track
